{"stat.pickup.minecraft.sand":7,"stat.entityKilledBy.seaserpent":1,"stat.walkOneCm":27402,"stat.useItem.minecraft.sapling":7,"stat.leaveGame":1,"stat.damageTaken":455,"stat.pickup.exoticbirds.mystery_egg":1,"stat.useItem.minecraft.apple":1,"stat.flyOneCm":19044,"stat.deaths":1,"stat.pickup.everlastingabilities.ability_bottle":1,"stat.useItem.minecraft.sand":5,"stat.mineBlock.minecraft.sand":7,"stat.swimOneCm":20335,"stat.jump":81,"stat.playOneMinute":7559,"stat.fallOneCm":4874,"stat.climbOneCm":50,"stat.sneakTime":21,"stat.damageDealt":10,"stat.pickup.zawa.care_guide":1,"stat.timeSinceDeath":2307,"stat.pickup.minecraft.sapling":13,"stat.sprintOneCm":12946,"stat.useItem.minecraft.stone_slab2":3,"stat.pickup.minecraft.apple":1,"stat.diveOneCm":2396}